[
    {
        "title": "Annual Harvest",
        "content": "On the 20th of October, we will have our final harvest of the year.",
        "priority": "important",
        "is_public": 1,
        "author_id": 9,
        "author_name": "Pastor1",
        "created_at": "2025-10-01 15:01:55",
        "id": "68dd4263b7268"
    },
    {
        "id": 1,
        "title": "Welcome to Our Church",
        "content": "We welcome all new members to our church family...",
        "priority": "normal",
        "is_public": 1,
        "created_at": "2025-08-15 09:49:41"
    },
    {
        "id": 2,
        "title": "Important Meeting",
        "content": "There will be a leadership meeting this Saturday...",
        "priority": "important",
        "is_public": 1,
        "created_at": "2025-08-14 09:49:41"
    },
    {
        "title": "Final Harvest",
        "content": "On the 20th of October, there will be a final harvest for the year.",
        "priority": "important",
        "is_public": 1,
        "author_id": 9,
        "created_at": "2025-10-01 14:52:00",
        "id": 3
    },
    {
        "title": "Final Harvest",
        "content": "On the 20th of October, there will be a final harvest for the year.",
        "priority": "important",
        "is_public": 1,
        "author_id": 9,
        "created_at": "2025-10-01 14:52:06",
        "id": 4
    },
    {
        "title": "Final Harvest",
        "content": "On the 20th of October, there will be a final harvest for the year.",
        "priority": "important",
        "is_public": 1,
        "author_id": 9,
        "created_at": "2025-10-01 14:53:01",
        "id": 5
    }
]