[
    {
        "id": 1,
        "service_date": "2025-08-11",
        "service_type": "sunday_morning",
        "members": [
            {
                "id": 3,
                "name": "Sarah Johnson"
            },
            {
                "id": 4,
                "name": "Mary Wilson"
            },
            {
                "id": 5,
                "name": "David Brown"
            },
            {
                "id": 6,
                "name": "Lisa Davis"
            }
        ],
        "notes": "Great turnout for communion Sunday",
        "marked_by": 2,
        "created_at": "2025-08-11 10:30:00"
    },
    {
        "id": 2,
        "service_date": "2025-08-07",
        "service_type": "wednesday_prayer",
        "members": [
            {
                "id": 3,
                "name": "Sarah Johnson"
            },
            {
                "id": 4,
                "name": "Mary Wilson"
            }
        ],
        "notes": "Focused prayer meeting for community outreach",
        "marked_by": 2,
        "created_at": "2025-08-07 19:15:00"
    },
    {
        "id": 3,
        "service_date": "2025-08-04",
        "service_type": "sunday_morning",
        "members": [
            {
                "id": 3,
                "name": "Sarah Johnson"
            },
            {
                "id": 4,
                "name": "Mary Wilson"
            },
            {
                "id": 5,
                "name": "David Brown"
            },
            {
                "id": 6,
                "name": "Lisa Davis"
            },
            {
                "id": 7,
                "name": "Michael Johnson"
            }
        ],
        "notes": "Special guest speaker from missions",
        "marked_by": 2,
        "created_at": "2025-08-04 10:45:00"
    },
    {
        "id": 1759409297,
        "service_date": "2025-10-02",
        "service_type": "sunday_service",
        "marked_by": 10,
        "notes": "",
        "created_at": "2025-10-02 12:48:17",
        "members": []
    },
    {
        "id": 1759409415,
        "service_date": "2025-10-02",
        "service_type": "sunday_service",
        "marked_by": 10,
        "notes": "",
        "created_at": "2025-10-02 12:50:15",
        "members": []
    },
    {
        "id": 1759409473,
        "service_date": "2025-10-02",
        "service_type": "sunday_service",
        "marked_by": 10,
        "notes": "",
        "created_at": "2025-10-02 12:51:13",
        "members": []
    },
    {
        "id": 1759409556,
        "service_date": "2025-10-02",
        "service_type": "sunday_service",
        "marked_by": 10,
        "notes": "",
        "created_at": "2025-10-02 12:52:36",
        "members": []
    },
    {
        "id": 1759409664,
        "service_date": "2025-10-02",
        "service_type": "sunday_service",
        "marked_by": 10,
        "notes": "",
        "created_at": "2025-10-02 12:54:24",
        "members": []
    }
]