[
    {
        "id": "68dfa28d9d817",
        "name": "Sam Loco",
        "description": "j",
        "amount": 2345,
        "start_date": "2025-10-03",
        "end_date": "2025-10-08",
        "categories": [
            {
                "id": "68dfa2b678c6a",
                "name": "me",
                "allocated": 123,
                "spent": 5678,
                "transactions": [
                    {
                        "id": "68dfa2d2ea64c",
                        "date": "2025-10-03",
                        "amount": 5678,
                        "description": "Sunday Offring",
                        "type": "expense",
                        "created_at": "2025-10-03 10:17:54",
                        "created_by": 14
                    }
                ]
            }
        ],
        "created_at": "2025-10-03 10:16:45",
        "created_by": 14
    }
]