[
    {
        "id": "1692097200123",
        "member_id": 3,
        "member_name": "Sarah Johnson",
        "request_type": "personal",
        "description": "I've been struggling with anxiety and would like some spiritual guidance on how to find peace and trust in God during difficult times.",
        "preferred_date": "2025-08-18",
        "preferred_time": "14:00",
        "is_urgent": 0,
        "is_confidential": 1,
        "status": "pending",
        "created_at": "2025-08-14 10:30:00"
    },
    {
        "id": "1692097800456",
        "member_id": 4,
        "member_name": "Mary Wilson",
        "request_type": "marriage",
        "description": "My husband and I are going through a rough patch in our marriage. We would appreciate counseling to help us work through our communication issues.",
        "preferred_date": "2025-08-20",
        "preferred_time": "19:00",
        "is_urgent": 1,
        "is_confidential": 1,
        "status": "approved",
        "scheduled_date": "2025-08-20",
        "scheduled_time": "19:00",
        "notes": "Will schedule a couples session. Please bring your husband.",
        "approved_at": "2025-08-14 15:45:00",
        "created_at": "2025-08-13 16:20:00"
    },
    {
        "id": "1692098400789",
        "member_id": 5,
        "member_name": "David Brown",
        "request_type": "spiritual",
        "description": "I feel like I'm losing my faith and connection with God. I need guidance on how to strengthen my spiritual life.",
        "preferred_date": "2025-08-19",
        "preferred_time": "10:00",
        "is_urgent": 0,
        "is_confidential": 1,
        "status": "pending",
        "created_at": "2025-08-12 14:15:00"
    }
]
