[
    {
        "id": "68bec0f79382d",
        "amount": "20",
        "description": "Prayers",
        "payment_method": "mtn_momo",
        "status": "verified",
        "donor_name": "Kofi logic",
        "donor_email": null,
        "user_id": 7,
        "transaction_reference": "",
        "crypto_hash": "",
        "sender_wallet": "",
        "mobile_number": "0246814135",
        "date": "2025-09-08",
        "created_at": "2025-09-08 11:41:43",
        "verified_at": "2025-09-26 10:31:32",
        "verified_by": 8
    },
    {
        "id": "68d195c2eba3f",
        "amount": "40.36",
        "description": "Prayers",
        "payment_method": "mtn_momo",
        "status": "pending_verification",
        "donor_name": "Kofi logic",
        "donor_email": null,
        "user_id": 7,
        "transaction_reference": "",
        "crypto_hash": "",
        "sender_wallet": "",
        "mobile_number": "0246814135",
        "date": "2025-09-22",
        "created_at": "2025-09-22 18:30:26",
        "verified_at": null,
        "verified_by": null
    }
]