[
    {
        "id": 1,
        "name": "Sunday Service",
        "description": "Weekly Sunday worship service",
        "date": "2025-08-22",
        "time": "10:00:00",
        "location": "Main Sanctuary"
    },
    {
        "id": 2,
        "name": "Youth Bible Study",
        "description": "Weekly youth group meeting",
        "date": "2025-08-18",
        "time": "18:00:00",
        "location": "Youth Room"
    },
    {
        "name": "Sunday morning service",
        "description": "Join us for worship and the Word this Sunday morning!",
        "date": "2025-10-19",
        "time": "09:00",
        "location": "ARS  MUSUKU BRUNCH",
        "max_participants": 500,
        "is_public": 1,
        "organizer_id": 8,
        "created_at": "2025-10-01 10:43:55",
        "id": 3
    }
]