[
    {
        "id": 1692097200,
        "subject": "Sunday Service Feedback",
        "content": "I really enjoyed the sermon last Sunday about faith and perseverance. The message was very inspiring and helped me through a difficult time. Thank you for your guidance.",
        "category": "service",
        "from_user_id": 3,
        "from_user_name": "Sarah Johnson",
        "from_user_role": "member",
        "is_anonymous": 0,
        "status": "unread",
        "created_at": "2025-08-14 09:30:00"
    },
    {
        "id": 1692097800,
        "subject": "Youth Ministry Suggestion",
        "content": "I think it would be great if we could organize more outdoor activities for the youth group. Maybe camping trips or hiking events that combine fellowship with nature appreciation.",
        "category": "ministry",
        "from_user_id": 5,
        "from_user_name": "Anonymous",
        "from_user_role": "member",
        "is_anonymous": 1,
        "status": "unread",
        "created_at": "2025-08-13 14:15:00"
    },
    {
        "id": 1692098400,
        "subject": "Church Facility Concern",
        "content": "The air conditioning in the main sanctuary seems to be having issues. It gets quite warm during the summer services. Could we look into getting it serviced?",
        "category": "facility",
        "from_user_id": 2,
        "from_user_name": "John Smith",
        "from_user_role": "admin",
        "is_anonymous": 0,
        "status": "read",
        "created_at": "2025-08-12 16:45:00"
    },
    {
        "id": 1692099000,
        "subject": "Appreciation for Leadership",
        "content": "I wanted to express my gratitude for the excellent leadership during these challenging times. The way you've adapted our services and maintained our community connection is truly commendable.",
        "category": "appreciation",
        "from_user_id": 4,
        "from_user_name": "Mary Wilson",
        "from_user_role": "leader",
        "is_anonymous": 0,
        "status": "unread",
        "created_at": "2025-08-11 11:20:00"
    }
]
