[
    {
        "id": 1,
        "title": "The Power of Faith",
        "content": "This sermon explores the transformative power of faith in our daily lives...",
        "scripture": "Hebrews 11:1",
        "date": "2024-01-15",
        "uploaded_by": 1
    },
    {
        "id": 2,
        "title": "Walking in Love",
        "content": "Understanding how to walk in love as Christ commanded us...",
        "scripture": "1 Corinthians 13:4-7",
        "date": "2024-01-22",
        "uploaded_by": 1
    },
    {
        "title": "Call unto the Lord",
        "content": "Call unto the lord and he will answer you. the lord is faithfully in all his ways, so trust in him, commit your wwork into his hands.",
        "scripture": "Jeremiah 33:3",
        "date": "2025-10-12",
        "uploaded_by": 9,
        "video_path": null,
        "id": 3
    }
]